{"cameraMode":{"drawMode":0,"name":"Shaded","section":"Shading Mode"},"sceneLighting":false,"audioPlay":false,"sceneViewState":{"m_AlwaysRefresh":false,"showFog":true,"showSkybox":false,"showFlares":true,"showImageEffects":true,"showParticleSystems":true,"showVisualEffectGraphs":true,"m_FxEnabled":true},"in2DMode":false,"pivot":{"x":0.020320091396570207,"y":2.491854190826416,"z":4.603643417358398},"rotation":{"x":-0.00930815376341343,"y":-0.003904534038156271,"z":-0.00007820306927897036,"w":-0.9998846650123596},"size":1.5199710130691529,"orthographic":true}