{"cameraMode":{"drawMode":0,"name":"Shaded","section":"Shading Mode"},"sceneLighting":true,"audioPlay":false,"sceneViewState":{"m_AlwaysRefresh":false,"showFog":true,"showSkybox":true,"showFlares":true,"showImageEffects":true,"showParticleSystems":true,"showVisualEffectGraphs":true,"m_FxEnabled":true},"in2DMode":false,"pivot":{"x":-7.069106101989746,"y":3.023545026779175,"z":0.2111569195985794},"rotation":{"x":0.007568152621388435,"y":0.9420090913772583,"z":-0.33453506231307986,"w":0.021381238475441934},"size":1.3927912712097169,"orthographic":false}